UMAP_1,UMAP_2,dataset_id,tissue_type,FracPixInImgBG,FracImgOfCells,Otsu:CD11c,Otsu:CD21,Otsu:CD4,Otsu:CD8,Otsu:Ki67,M/SD:CD11c,M/SD:CD21,M/SD:CD4,M/SD:CD8,M/SD:Ki67,meanInt:CD11c,meanInt:CD21,meanInt:CD4,meanInt:CD8,meanInt:Ki67
3.066947,17.450384,a40043a8f837186f5a8827e44389c8d4,small_intestine,0.6496348781391591,0.2809967203242789,337.3587486283917,205.53798562621716,37.23864388600224,256.69188176162834,150.60617465804583,0.0869600235171358,0.1446028833586977,0.3016718388214161,0.1049278614234616,0.1843569322608604,745296258,151822973,92746888,820698417,98700407
7.0006576,13.9808035,af721c3938f621be2222df891f2e2a37,thymus,0.2018614407566218,0.7254698268983462,3.8001026713815937,7.147576111667356,5.506666592886917,5.473503570851478,19.79375933189975,0.9375499903812822,0.9242157337798996,1.1541161868347318,0.9801976494516412,0.3916476589138479,156129774,171740199,254707584,273127643,306263736
4.8628287,15.528174,aedc30c204870180673b6ece299f2eb1,spleen,0.3891101219074117,0.6521305827517152,66.79593267442222,24.58321501154472,169.4163456660201,63.72905166353463,101.43481501150376,0.2038742209733458,0.3328460587333262,0.1346160492564686,0.2187807496726016,0.1678390079338775,133782540,128393588,144506487,163835192,159579180
6.691971,16.733213,89806365526ba5b26b07a8383e5bfea7,small_intestine,0.4883434177654081,0.25956930971113373,41.45905238220905,94.9092147821978,16.03042060443852,38.73986912338468,106.24613106127498,0.3338699752574097,0.2626194311927462,0.4426101621630213,0.3566600625939823,0.2446492128115245,59940624,67267632,54265523,65699571,59359388
3.221051,17.573986,62e705f60add30b663df847c18003e36,small_intestine,0.6501028207166801,0.28139194957115043,338.3294083715612,205.41995951328263,37.32510614578404,256.7878745923824,151.19755056931697,0.0868302734688614,0.1446297178376314,0.3008583163580606,0.1049257754984733,0.1837651213731617,739317680,151973588,92770995,816739568,98328311
4.1545753,17.21011,76d3efd17b6fc83aaac13e961824c5ae,large_intestine,0.7618861681203922,0.15192163447836093,45.819918884139724,242.9847437377701,51.46012050783397,373.4347418289882,188.3900834701292,0.244500661568489,0.117100803432354,0.2250578679897437,0.1091532791832838,0.1715314132163116,156825711,250814039,170598422,251739686,165421201
6.413374,15.2862835,1c33472c68c4fb40f531b39bf6310f2d,lymph_nodes,0.39223590863051283,0.5492895597633063,7.48862774732308,37.34988288938128,10.134979846748202,14.667536306759418,148.39090469335756,0.6740415641231761,0.2873960177597919,0.7016446591955909,0.484594828290771,0.1884016232087167,228024313,336492932,595341618,569903876,154158056
3.5780108,15.845385,76e46e1fe30f3a911d3cf5c1e4530351,small_intestine,0.36641897888187464,0.5035691724653204,463.68896203912993,502.2621335748072,25.71219298908189,20.727926888991863,415.1314790837845,0.0777867277574816,0.114342693417452,0.3308199727135024,0.3860559406231366,0.0807435668570173,506460204,92925533,108113368,429954052,1105698233
6.8387237,15.771064,aaaa3d9cde1cafa3723212394d5401dc,small_intestine,0.34862730630964495,0.48330206780541324,41.44613216158943,97.322843951498,9.76610311558554,16.59445012270089,57.78230870200308,0.3426527067062026,0.3533803827817406,0.6240294942864656,0.4315231091296874,0.3524128900200677,73272670,75724773,81006826,189542186,80563488
7.507257,16.73632,2be7392c6b79793862c1f49f369b0d52,large_intestine,0.548278655908475,0.11117233228473151,43.52529389302785,25.381838488608377,30.53997973934185,24.112193999932565,82.02070494653614,0.2939065734976741,0.513844833580206,0.3772597794286147,0.4791083858829233,0.3895268634652866,46060886,61027439,46236084,57227394,56267899
6.552346,17.399296,ab368441a254b696f2861738b692a5b7,small_intestine,0.5900257003826741,0.18200464076164996,17.88625003787997,144.27178763226394,13.133842757237009,61.422430932038,153.67088292054842,0.3756593966813504,0.2867232563050957,0.4916672934316095,0.2239648682194399,0.2637888314626384,60943450,59079095,62607251,77449719,68386125
7.342776,14.438532,65f12a80f54438ea3bf5c7200ecd70a3,thymus,0.22137300323941306,0.41102097548884237,16.246131089009214,6.229338051647608,8.294478985984197,8.623715009979785,7.879513658692743,0.4426601466289177,0.8608068608323919,0.5840471906560395,0.7045159139617438,0.7174543282609851,158107992,166354219,138199728,154354652,157670091
3.654429,17.616028,31c38b51c975d50d7faeb829507223ff,small_intestine,0.4100277542974311,0.36227509257588375,217.87434093412003,198.95715967896248,98.38031987303556,113.2542716723289,301.27702510537097,0.1081201070144176,0.1393586696768128,0.1783615370386685,0.1616603345341051,0.1048835846967219,907931056,114531687,162966712,895287409,202846328
6.935457,17.343592,89c34a87cdd795017fa004b2ed0fabff,large_intestine,0.5425168351445697,0.27560255766627717,20.96525976745692,97.17409694247388,18.949033188491587,85.25985634699369,58.15716155455988,0.352509853815905,0.2664477334491208,0.4314140965031653,0.2451921877832392,0.3839198301964158,135797401,99462915,100625534,112632541,92317914
2.4400904,16.694572,0737895053a2653f92d205ffc4115629,small_intestine,0.8531977447529123,0.11914942549729127,1605.7026207289491,521.1860429804159,475.7371978911096,454.0349047292099,1559.878495221963,0.0410709858006117,0.0676302483973799,0.0811257544835966,0.0828906368844215,0.0416610278228649,812935658,332645348,1459677835,1975050820,906640847
8.343567,16.45121,d0e87cb51bd723c71d053746fd0955d3,large_intestine,0.7739146650708603,0.18113308834182507,342.5817855027877,65.62428290034248,15.824986839340127,14.349597779564403,70.21585836121004,0.0869197374564095,0.296537088596073,0.5655732331466331,0.6544690409814367,0.2908318567900522,914055672,110473632,78398965,53287056,61908208
6.0277896,17.341139,f20bdb43ae78d3d70e4128bc1b36a410,small_intestine,0.5804344983207389,0.2395527287993283,19.217929556493708,125.35444844447623,15.388072448484998,53.03293844794008,104.10931883485348,0.4051002689667927,0.3050160522101891,0.4081128795772418,0.2316859644934729,0.1969570829026944,60571367,55207012,56600447,91561901,89312781
2.7997522,16.590916,e744205427e60038a142bb7cef6dfe3e,large_intestine,0.819929407183794,0.3070937386898299,649.4183898848264,10538.876167205202,323.39469970173,1473.4412948843724,190.74742883569556,0.0743720033235553,0.0230758789667945,0.1151420398816839,0.0506243978311848,0.1177449355162046,733484938,704407688,840094986,689601094,470724521
6.4734187,17.85481,7ae1f91c183daa18d614ccfc5345cf7f,small_intestine,0.6722450029242105,0.23684392774484397,11.53811467131654,102.39454386926592,13.283383791033812,35.7377871530883,89.60289452567679,0.4997877016528894,0.2211579853186709,0.4635249440070541,0.2823957599486803,0.2173417797651244,68368780,71576333,70558191,109428300,130222094
8.149313,15.610117,f4caf0e7ea613babe895f82485a8784b,large_intestine,0.48762773583119084,0.30745955769514555,190.3571892882705,6.536008183909246,4.62562909843304,7.592286020382978,27.37643445060878,0.1261037264704343,0.7599430527183696,0.8794130283859353,0.7430391150309623,0.4764774528643358,458159150,70960978,70758106,52035662,56778552
3.2393248,15.622598,e3aa11ba0218456e2cc9302f6b1d9d1c,lymph_nodes,0.6671517480976791,0.3314809453614207,60.93096607080656,17.412180687657532,16.74259533265824,26.16014233257502,24.959690641326976,0.2227499969361927,0.4905668389862291,0.3955497569445993,0.3524193068127679,0.4297964811306159,980403079,830363070,542520992,892364671,1235901382
3.220088,16.936794,89409b74d945fff98bb60afa9753cd0d,small_intestine,0.7735795402057527,0.21778179718664706,728.9273093592176,4419.372864227389,341.32001815768297,368.84057497278246,10.635455625071756,0.058674801488089,0.0545191023688556,0.0905796740554285,0.0866414270316039,0.574094413422054,629778988,587087930,905308126,1047384940,75040225
4.5122714,16.375866,e0ba24d0c4dab528e46aab3f67a1aae8,spleen,0.8179952045146018,0.7791992856401506,333.6497866385968,34.941809886718545,3539.908359883094,205.1019289265967,7335.341067168868,0.0986263052585195,0.2914724415551674,0.0288734115558261,0.1130237044325356,0.0255371480514333,95785841,136361231,117900284,254728143,177216748
2.5606856,16.92045,5044fc738f8352b2e527daec45e1572d,large_intestine,0.793324140065888,0.11819116534314773,366.5230827095568,29.265865561093733,471.4496670854684,435.3529045363825,1089.657473707353,0.083031184820663,0.3487533761100467,0.079988974040978,0.0793230986328676,0.0494868361876336,477369274,88626967,1458781821,1078269638,563985592
5.495912,14.78643,d73a864f5ad6bdffdf148f43423e2a01,spleen,0.08174445483734269,0.8636197896248367,99.70215247847226,154.59195662482853,20.79339523898424,21.9635275045697,263.9010502822421,0.1456914702686375,0.1302035082715454,0.4854149468448071,0.3885915314637162,0.1069756810131669,93890887,143546117,66767896,105565540,287201072
4.8826857,15.912279,2c3540e2b1040c06612698d80ecab56a,spleen,0.48460719289520143,0.610260673594206,217.8575282053769,214.10716472920203,120.11800682674624,67.33755049723318,153.31064951090448,0.1123980720231401,0.1154117963633594,0.1510581669823366,0.2065251370571236,0.1429757364351544,120371159,117213158,120786307,144500936,134423296
6.4900208,14.92899,c95d9373d698faf60a66ffdc27499fe1,lymph_nodes,0.20023497386198333,0.7406876476376497,4.220438699701732,28.87468163491153,6.625869411735987,10.221189657902322,112.65933002471976,0.8124305802570516,0.3594095633537952,0.7967135951525887,0.5959681431515751,0.206453309901273,173192241,174228633,322762210,348841547,142687269
5.6125503,14.017585,f0c58e670ceb445e6ab02c6a20c83aee,spleen,0.1036344399510162,0.7943553257542137,31.800830548760075,6.98560166947426,31.235902859880746,28.736396348166245,29.59255702383662,0.3056410667847876,0.6895180609774826,0.2987425314306616,0.5043652857088237,0.318373930669384,160049268,72310591,234167428,82701240,244173983
6.4286075,16.024506,4e7809adca9c32cebd023acaee306d85,small_intestine,0.39996742825004794,0.48294405612207386,26.7815887049233,66.05756067429262,10.642668479494322,19.70103907116251,74.44073609820639,0.3827724802582015,0.2645736167228151,0.5705280445794593,0.3900324816255361,0.2525358662220796,92135118,100681022,94947741,146220677,90935314
2.9341104,17.003347,a49e5e08ad4de6ad215e3b298cc025ee,small_intestine,0.7734757519421898,0.21792954017215704,728.7032808191166,4424.0343930134095,341.5865340842807,369.0039774410239,10.634352944210724,0.0586797813478913,0.0545199262977983,0.0905761106614774,0.0866363617866423,0.5741155349268126,628971641,587060312,922340506,1085610643,75035238
3.3569071,16.188705,99f06bad15cea33cdebbfbbbb47c55e5,large_intestine,0.49568812010486607,0.3580763565121238,75.46661849618006,70.46251138295837,48.84298942436624,61.45247470470117,196.2401556152936,0.1847747214357252,0.1994579174124581,0.2313156575558783,0.2040444945315691,0.1149442678189999,381342531,550470501,764802028,558952217,630659596
7.4427533,16.395311,c1bf80acd22b81337bb062a48f1b70d5,large_intestine,0.4940693494228751,0.1701078279118573,20.50974295667001,75.56460895342826,8.706846828373703,23.91429531208176,114.80779926115288,0.4311946749809022,0.4412210208211911,0.4973979528399974,0.4822400835224094,0.2584170632547863,51879381,52451874,52317917,47873332,67706925
7.7477055,15.801377,5ed3910ba1d3947b6d2ea3788af223b1,large_intestine,0.49350691566971694,0.19891197662542923,31.676348319884863,7.932403587540889,5.632196130601517,11.227379709909352,34.051086175277064,0.3079450073851946,0.5631339084979748,0.7774962062544365,0.5566235179556343,0.328015219492402,74786653,67335505,50096450,50158392,98709809
5.9161377,15.571381,62cf328e12477c27a6e47f936eb7324e,lymph_nodes,0.29633891821203195,0.4994095833817162,1028.2420121162895,105.1488854713668,10.90447996322309,21.76847832664961,307.69792370317526,0.4265346828516217,0.1806712417228422,0.6172002028225138,0.3591607667345359,0.1279701749460522,123544605,160799992,239214835,248873002,113406361
6.514787,13.611315,077f7862f6306055899374c7807a30c3,lymph_nodes,0.41741852156697307,0.6458418144816842,16.126052157471896,8.665687681088896,9.583272458607254,61.93027640095608,10.411926687101468,0.4608963263193188,0.6546856710100529,0.5853642549505366,0.2385390029973145,0.5898789024710875,233958088,187930592,222859188,357264209,193386033
2.817634,16.427513,bd72975f798d0067c6a48de0f92474d9,large_intestine,0.5785206985955889,0.28121038533519244,354.14774039917967,710.1398067824773,316.3789484760709,891.996732371073,876.2413098750129,0.0813605540526011,0.062644729061638,0.0927000406268459,0.0545053861384551,0.0543188660669362,367674153,488495031,646058862,1003886424,668942132
7.438199,16.955713,b22e6449e3de171fdfaefc4a7b5b2aed,large_intestine,0.5276735772820245,0.2571190180983432,75.943035529926,46.4480326645424,57.22727613099734,9.111928460215816,43.26852359192889,0.3759367382077678,0.370792560147429,0.3725369015275571,0.469500274020808,0.479968641315896,59523863,52218636,54153534,51909027,61834212
6.2435265,17.653444,4c12735161018db54e2ef9588bf40987,small_intestine,0.6719714589162062,0.236972625326576,13.77192629738536,101.98243431705392,13.287462950362892,35.7998391654412,89.62060086935377,0.4993403484283683,0.2218696258281657,0.4632758951975676,0.2820634633216595,0.2171784071689236,68361914,71843996,70566366,109341602,130390139
5.994008,15.714097,636f55adb5b346fc8f576c5b1ccbfc7d,lymph_nodes,0.4124127960116818,0.5024936685465128,417.4475407391934,84.37304645900196,10.609927606987076,17.153561446677912,570.5776046420235,0.4106286164999511,0.1945093935547443,0.5919298039084084,0.4242092059125581,0.0799670235462516,202098276,343235518,349650792,493511285,164447222
2.593956,16.468178,9fd74bd8a46331280751fb1c187650fd,small_intestine,0.6413524051815762,0.252116635140662,350.13667307071165,182.6771903074944,118.8226857717109,138.2567709194862,2125.2595370569416,0.0890334517673017,0.1332738236276421,0.1446220039469087,0.1433967285625582,0.0364106600300918,1742478772,1540964209,1398497898,2091351066,706384556
3.5264058,15.354023,e69fb303e035192a0ee38a34e4b25024,lymph_nodes,0.5980483205918401,0.40549416229778223,28.4651814787194,13.344976764116405,11.385816591026868,15.692126298370097,15.475258779668692,0.3781599889345578,0.5542501256638764,0.5042050197042339,0.4613831519736698,0.5218376925180895,245882958,685903742,243862997,477143208,996792938
6.586176,13.85392,a6ccc344f88a164766d1251053173009,lymph_nodes,0.320417267480613,0.6765016368595054,16.20081995123941,6.800875328925556,9.3901728317248,14.5120033199229,14.41055847270557,0.4938299112196928,0.767626323730617,0.5821495300128774,0.4969413079224142,0.5235406990917693,91595154,158850132,216993171,291812932,325573237
4.986402,17.290869,63d000170e475af142f6e8673de5eb0f,large_intestine,0.4767022352817714,0.19217498163500893,59.57786726259627,168.14391122341098,32.435542416270714,134.30807564626957,178.14280702804825,0.2758670152669126,0.2461967902542712,0.253721481828957,0.1489383339918204,0.1790214770386482,109812446,80696503,112187618,156932360,116020248
7.806481,15.683106,e214a8d4074404ce95c55308381fe3e4,large_intestine,0.36046660827354904,0.11645797930241582,40.61390385273645,5.730523916613721,8.438206248850769,7.149616354864598,101.12717082593774,0.2656784968443327,0.6543777356316045,0.7024225498009031,0.6432608117833901,0.2051419823045092,57724160,53445172,62198500,49779519,74498972
4.717175,17.370306,35454f56fd4d7b3c4b80921a9c7e6b18,small_intestine,0.5801975822030888,0.19922850810583861,101.73639216548705,356.4899481626396,42.10449790169986,125.91869722031718,224.4459430942453,0.2393535482768255,0.1347452512497,0.2832452109687176,0.1377211634317345,0.1880274342132897,123547570,93880628,113289490,325358649,100748860
5.3879266,17.087152,4055d3ba0aca705b8ede2700ec1e2ded,small_intestine,0.5223158547733586,0.23136418565147993,90.48713343441824,76.65195513492675,22.387626721319133,50.35064262210616,68.66189652622086,0.2160768572627886,0.2584498552816989,0.3556969244158236,0.2306896542925765,0.1907752001072303,88068242,110927887,84616835,96123962,52163009
3.3875813,17.634037,c8c457c36df635281dff6e49d86df1d3,small_intestine,0.5725205189131418,0.3516362051563677,221.52846318166624,215.02052928222548,29.669767843696945,41.27158619152591,157.63909312069003,0.1070465061976936,0.1291773495705982,0.3111215714279676,0.2622335361260359,0.1743377191881459,654492675,200675549,97737080,481189166,92995215
3.5150313,17.503288,46626ada002e4db17e3ea614a3d24972,small_intestine,0.4860662533638369,0.5041974181143307,98.15031557724564,117.94060062372031,18.15149708327359,35.06718300885629,114.31078326545791,0.1642148135567511,0.176713843993644,0.3978320220836185,0.2895837519347394,0.181402722893365,584300062,253526432,227458252,928981532,202351968
6.4728847,16.251108,4b5a93e363f3b3ebd3bd3fd69df55000,small_intestine,0.25349271476074847,0.3263702338853589,32.57346166770736,86.98297193645372,18.623226800991205,44.3609649913958,101.67073020519337,0.3310889149856444,0.2548340466585294,0.5014317604000452,0.2594975687021258,0.2447748509761163,68626354,66290213,60902583,84702067,66420688
7.2884493,16.450613,ac8806109eb5cebc51a4c6f4c7872d1b,large_intestine,0.541403309141969,0.16063520147148272,35.09837763314735,57.359017922295976,8.470799823605656,24.72399429616392,89.9289680451852,0.3108598308954355,0.3182801756049666,0.609141483619094,0.4822700753546928,0.2363329738473451,66511167,60733588,46687198,56268268,67235702
7.4626274,15.586944,32d27420e3531ab6bbf5f714e8dd6462,large_intestine,0.45824145414409984,0.33798586630280997,15.437188099927566,7.302970192358243,7.2542660946325395,11.887028763978051,58.05515157082136,0.477990966085641,0.6325194468836929,0.6658378013931683,0.5015570969892309,0.2800755351190517,80293520,75105729,85352344,79190095,83736261
4.974559,17.23968,420954d18a53af4fb9d3a44bdf7e7d1b,large_intestine,0.48592334732423925,0.1929110703043022,64.01159887637102,167.85648465709522,33.69542862936764,133.41161884178462,175.44629020895283,0.2735752123048298,0.2462203451166778,0.2524335625873723,0.1489530487796174,0.1798572997066868,109669506,80856391,112710379,157547771,114953878
7.6105866,16.868193,0511b3adf57a06d72d5ebe2204d076fe,small_intestine,0.5000023201984276,0.20690657140456856,49.59728717171016,10.58402063871757,12.096607856694842,41.034598175765126,6.12401828608355,0.3581921228216078,0.4928506154460361,0.4485248529385667,0.3680275803654844,0.7068057042807843,55602845,61594848,55042084,63993224,48852479
6.3265324,17.714106,c72e0dfaf5099bb7cc2373c336763daf,small_intestine,0.6725013802592663,0.23689485064448895,11.543783758377549,101.84267647595868,13.289696351780522,35.748310218397364,89.65610153547979,0.4994940440102743,0.2221188354181635,0.4632590946686387,0.2823329047510077,0.2172743184583124,68367848,71920944,70579229,109432689,130181902
6.8460712,17.656954,c055073b856584f5ddce4d491d7f8e46,large_intestine,0.591925822881245,0.18998340655484938,18.43347185105197,119.23618871299462,11.754497881307667,39.659885709284445,77.49970216010833,0.4252646814251126,0.2662979613360761,0.4795243240823438,0.3376342584748329,0.2373374750270655,74765083,70823135,64581012,58639275,89220104
3.984762,16.67887,96b09647372281edde58c8328c0fcd50,small_intestine,0.6785575222472107,0.2507550398035965,28.383981875715456,203.6316807911815,24.18855066218367,60.86943771421115,103.59993935189308,0.3687052974678508,0.1311094534161434,0.340130829143126,0.2094345236969932,0.1943541099620201,167313433,231769192,183394386,647276172,366274541
8.141536,16.18755,9d8677a799797c76a8205988cd3888b2,large_intestine,0.5536396727399849,0.12401336418735494,307.7481977186343,6.411222972898923,10.718616230428184,15.619820863263667,132.85409305651652,0.0956653881206369,0.6365153405717566,0.6868984942460292,0.5284193128282717,0.1662889237725051,826831331,57627301,68065272,75141008,137596595
7.368109,14.481134,4514230f7473a496201a4e45c4ff9568,thymus,0.17398851803274593,0.4320674692403105,16.139395493816433,4.908293819560356,10.6481471295713,12.255382073788738,5.8131603207997005,0.4257582045140525,0.8658605512124669,0.6612196069285649,0.616346787024301,0.7935076528519668,147892171,107578353,133264378,139287567,114427490
6.8642583,16.87861,14edde4cfa211baf019c054b3f1ba1c1,small_intestine,0.4881328997899289,0.2583290411373169,41.44788943156957,94.97968468024088,16.020138644283374,38.71394322330967,106.25603442352433,0.3340175947596862,0.2625382971982266,0.4427654706462188,0.3567172593815726,0.2445329542150071,59958654,67295485,54280548,65769251,59414087
6.248216,18.143934,35ffbad7d81bcc0c3ebf298406e3e712,lymph_nodes,0.6592684346854625,0.26306049075835813,830.0841168592758,209.6309901657476,21.401060638849494,30.79196171717914,254.97568568308537,0.5106182898494306,0.1386891458853422,0.4306691144660591,0.301703817254622,0.1485247363499076,108260046,140762605,380045363,308227991,98836295
3.0423746,16.59893,eac48e19cf655a2046d56591ed190ccc,large_intestine,0.8322268774291895,0.17684664170213305,3341.006817387335,29970.302921569302,1486.937002730814,4564.111457904797,639.4420377699857,0.0334293858588479,0.0187443771229205,0.0501787125318536,0.0271896805815233,0.0700267147263385,235033171,183558558,288740382,261810611,614647061
7.1312275,14.045851,053544cd63125fc25f6a71a8f444bafc,thymus,0.32608800571456065,0.5667691741539854,6.869777686137807,71.50921224363093,11.223269873937742,7.749106206477582,14.670159419306428,0.9340617689530384,0.6586011400393273,0.9012376014179512,0.7961737715788465,0.5717786510318593,134913800,131129935,145019041,137732323,130348531
6.603244,14.068485,4852fecbbb3fe8fd8a4b897f26941dd9,lymph_nodes,0.3173877069008898,0.7007259164241791,17.037657637216984,5.556200381850516,8.797688954655392,12.027925811104158,12.14258430491263,0.4382113074178109,0.8452776687773547,0.6066956309491903,0.5466786183417163,0.5715971040766825,56503079,106021379,130766505,172650838,216547307
2.7293735,16.538181,1d76aa007c3237be32c14b3dcc0c902c,large_intestine,0.8190647514173836,0.3075442259533885,649.4170316400098,10542.216067073014,322.7318160627999,1473.2360090633067,190.42281981344172,0.0743718315559413,0.0230781118270639,0.1151455939609868,0.0506270836038927,0.1178136889101682,738453020,748361003,849676633,704031977,481326351
4.3896184,17.311943,c8c1e1be0530a2392325d1b6f2addeb4,small_intestine,0.6364172881620318,0.26190958779856693,71.75156842284953,481.17337763807694,49.341980329335584,91.8746725466846,147.94779524966353,0.2721533219749166,0.1046177094221156,0.2182624359189616,0.1700706901376724,0.1508244052408082,122931674,137057018,143942654,475200854,200860064
5.429505,15.16842,1393ff7729eff13cd2f4d5d58af96fdb,spleen,0.0593827294713077,0.8484566621224064,3347.297521020773,80.21179491166552,13.835912215001986,24.19895644329489,240.051990251799,0.1259907015814672,0.1809606760961148,0.4174067314660419,0.3418400767805048,0.1088460253536949,91560902,228503336,73300801,117820042,191499041
6.5139117,17.897343,bec226690f40f11d0516487ba4ad289f,thymus,0.6156210169139269,0.22171102684180446,983.2240686827322,7.340131439793661,14.722751659414,29.68594734682138,177.4978811102738,0.5053449845459729,0.5598924094699351,0.4808743794423596,0.311432028201231,0.1958930242109958,132443469,100271702,225502286,193374904,99138840
7.0190234,14.149638,f86b9efc87074bf03cd53932d8f1e76f,thymus,0.35596904029058674,0.5823018028907149,11.7448729058177,51.94133243260822,7.434822270248193,9.902307103939856,20.33049042236744,0.8840849644671277,0.703672809899808,0.9209741743976396,0.7888490076312082,0.589443251771221,164660741,163831899,179536137,167505474,155967585
6.3177223,17.383944,90592f3574af0400eaf06d8aabf08645,small_intestine,0.5668824456962749,0.15888848820108983,20.255844847688863,147.8538964427182,11.587667857836124,43.92962434009535,146.4132448523699,0.4054979421279633,0.2735350724559299,0.422335391148802,0.2680677061154479,0.2093724360965034,58137990,53141578,49857658,72329776,77013456
7.2379813,16.060923,3612aaf6926602e7d2d3ae7cdd7ab44d,large_intestine,0.34350063330250585,0.12207069330559842,8.002909529942993,5.469821809866897,5.390248134031016,240.71516252404112,236.14939386920008,0.5443331028679609,0.6979250641786326,0.7134952500446233,0.1403585249672725,0.1446767991984517,41028137,42647745,45328336,36592207,42813429
4.3424273,17.046879,8d2321ee4c215d6ecc0692284599a6dd,small_intestine,0.6293559144414397,0.17881963010893817,119.59424652868552,642.7273037307896,473.3813153675661,95.280231765233,210.6469820863408,0.2065416627404518,0.0825983084073308,0.1703599188405788,0.1647170575338292,0.1564056363216988,126904884,132211310,106618362,366388119,164859026
7.1138525,17.23512,29aa39f865ab861ebf4d5671de239d8e,large_intestine,0.5434751613758281,0.275119648055274,21.01847439874009,97.13283624257106,18.757564803165828,85.26881392721721,58.1925048566016,0.3523358632752187,0.2666181060375352,0.4321520682368139,0.2451759021492035,0.3839354390215483,135364824,99474007,100746714,112548389,92238871
6.7609425,17.137207,768b7adb649959b6a4e354867595032d,large_intestine,0.5425167406951065,0.275591863888165,20.96542638678524,97.17481937515896,18.94907215034661,85.26083222078248,58.15763265478937,0.3525076920208748,0.2664456882245613,0.4314106599745459,0.2451904465013177,0.3839172709179722,135797706,99463847,100625656,112632865,92318031
3.9997587,17.222652,32ce4bd723563584d07fe726809253bd,large_intestine,0.7618844468346526,0.1516448748218561,45.915434740664,243.1718534533648,51.43703217441334,372.3815372300685,188.61394060566792,0.2437813602327089,0.1170430104685222,0.2251546757208486,0.1093995883490346,0.1716003715516857,156910497,250772192,170304749,249905069,164962875
7.6638203,15.061347,ad1e17284c71a9629afd14badff6da62,large_intestine,0.25009627501250126,0.2799733025410721,20.563398088793377,4.684565897635657,5.302673970404006,7.802820138350264,30.279786940105417,0.3802657289827091,0.8346930956424782,0.8678583166961858,0.7247268069459656,0.4700567855859929,63706003,52049568,50066796,50734027,55613689
6.339559,13.793452,4df8eb42549d6954d0b98b18cb92d9b6,lymph_nodes,0.44784508212150653,0.5848130983892023,24.478976141580425,8.969425836246737,12.357472350275984,18.90842583402377,15.614833278496974,0.3991838308728025,0.6324757887148881,0.4902118162749738,0.4057093396812509,0.4626782313822454,51280442,121489277,136783600,189335995,229133243
4.9743147,15.8198595,4c0479bd703d8be3c2834dd1b6773b4c,spleen,0.5109786394182012,0.4941563466783482,50.635057413606845,30.91863053624257,100.1777825927056,30.935284947066627,50.11359681871129,0.2810959131953208,0.2323085195362182,0.1602447121957929,0.3501622879568205,0.2457143664135538,118439956,114993572,211302267,191916560,119981966
5.975915,13.868665,bdcaa8d710bfb837dc2982c1cc4f67c8,lymph_nodes,0.298205576553005,0.6343391752040308,53.08740420200819,8.570737077080718,22.074860437333484,14.85718579778383,13.003118850932044,0.2740385818812392,0.6525514507163643,0.3503097728353668,0.4591602236689922,0.5092935364219751,76572310,224729595,166384822,272971359,394022664
5.021873,14.57876,03043e079260d180099579045f16cd53,spleen,0.467114973163548,0.8754581598107234,89.96724222411319,18.68779115951785,56.43298749794024,21.561028266977804,45.248686658513215,0.1778101954161521,0.3935330038650604,0.2376118293840696,0.4091769888349588,0.2910462406148502,113208117,104381303,330001491,81830297,445251342
6.60024,16.465273,9fec34311ea03c4a5c221e65b1d881ba,small_intestine,0.446234851554925,0.32852138301209216,30.429707762822023,79.34130007744488,9.246151985345954,27.12426661847146,99.63921203027068,0.3561013769078497,0.2609123308918306,0.5344164757085972,0.3179893485464233,0.2480882024109442,71012273,77434629,66152335,105905177,62391488
5.67587,14.734626,00d1a3623dac388773bc7780fcb42797,spleen,0.06861254575974732,0.8104242571909381,33.662552556458834,97.36314626210512,12.84826974494274,29.314089776765204,164.61692591380017,0.2520796892428993,0.2016074560899156,0.4734195796889694,0.3969336610995395,0.1299513251883531,90241969,141110254,93077564,99769191,202171202
6.21561,14.840706,2b57ac6fea7aa96d26d2685a297a4e7a,spleen,0.029453970441540925,0.843905612954912,7.809600152334713,88.71653138952892,7.8414762736269905,14.544966169603,158.0513705296509,0.5826412308290775,0.4407774798511354,0.6614192568768252,0.5820550712472187,0.1635645358981869,111680675,154029236,101729831,98815989,123714442
2.968471,16.82105,9aef5d58ef02a4cd27d4e08c457ef4ba,small_intestine,0.9678081571856215,0.4785897668953432,1195.9153522001386,112589.3771070554,2283.81266027288,3995.25943810784,7945.002032002411,0.039209829016103,0.0072651336625339,0.086428646893146,0.0316790610943461,0.0186294450365267,452044033,201164816,498122067,763062334,451092254
3.4254751,17.306652,e019d79dd2a2144f7772ce1fb11c2245,small_intestine,0.41135964398517944,0.36147067172786856,216.7362832454505,199.39146356624892,98.52181239620954,113.75019913209218,302.8220122775227,0.1081336276605698,0.139123945038163,0.1780946677559443,0.1616188276706315,0.1045340484732172,878447949,114558369,162969284,885569435,202076620
6.286395,15.516912,cf85bc1516f68195c899e287a9cd678b,lymph_nodes,0.21138442793013756,0.4853235686648813,10.443669553322248,43.8536676744237,11.60739144096793,33.67035904038076,258.375245330886,0.5437803299272678,0.2546055056010124,0.5770950726007299,0.3290022707868505,0.1059383859453809,96313499,154166817,144107565,208767402,104885888
6.252759,15.729327,8ed33ab3d0bf77d7a955865c6949cb1c,lymph_nodes,0.14838439302989487,0.477738641414347,13.888584731842542,31.22070135959753,17.777814914681567,33.27872988757929,144.40736939104096,0.4306410468832947,0.2814873798844661,0.6061255878260863,0.3559086158422171,0.1463216413844124,85607408,95826560,110254647,179403236,88966162
5.4106264,14.184204,75edcda4f3ff5bef72383d5d082438c2,spleen,0.09451722737559855,0.9106638501746288,41.1322198199272,11.340002963621073,28.842809617248054,17.808605678311093,35.09702102730516,0.2566144768330588,0.615235211603719,0.3147446888276756,0.4670697528054349,0.3147130145647882,194568979,92581551,314909216,104277229,450978140
6.7884893,14.0766,5dfaf57521ad6aa97aa64d8aba1f9d32,thymus,0.30278845085709094,0.7063981330918938,7.329835165739562,4.56065076127735,5.565650406002177,8.707604834101234,24.351948948863303,0.7250443449031003,0.9595732918824456,0.9124700205138664,0.7471557862752014,0.3519878995061714,156103955,191107826,276729484,299774371,324434523
6.0946546,17.516094,a4a9c03e47ebab4a0a63b64238e19c5b,small_intestine,0.7442132971107641,0.11036614424070124,68.48375650238259,10.992261424083734,32.87345937795013,80.36503150399274,138.3793437190313,0.3220926304195488,0.4197504890542129,0.3476127366210915,0.2173372623551145,0.243581748823642,42832090,43797638,48829686,73345893,60358352
3.700396,15.598882,5c5ac37add144e8a9707d2cd7791e694,lymph_nodes,0.5069021784613225,0.48490975748605647,82.59657984053183,11.965519170628555,20.87692552640051,28.65621910905892,16.797643991870697,0.1899300814444023,0.5598830954877814,0.3841531820709582,0.3257002605060172,0.4775616986119103,128094552,475079516,418754697,701995687,899629878
5.350374,14.344265,d36df353338a4a450f2282c65218f16c,spleen,0.26112862110944,0.8076435371208801,48.42694547314365,14.274713567278022,33.255793698750296,35.610920354245955,34.672781952778905,0.2436006589361966,0.4479966817911723,0.2955855797082097,0.445712347059532,0.3130155597711284,148411473,119128707,321503702,92581384,306757927
5.923864,17.806417,b179bfe63cc32d912ed1a995ab06d446,large_intestine,0.6849476763246015,0.13876615194450448,19.035402980924705,134.14004744651837,21.490048129194367,159.0826577542352,153.8625496210221,0.4084639236123912,0.1735503003656664,0.3310398940253994,0.2219058266307065,0.2027931342336192,67750873,90242425,68718295,56251224,78171882
8.204679,16.225885,f16f4add0fdec807862b5c422c09f3f3,large_intestine,0.5542794400073904,0.12385957655764442,304.7011808807459,6.432256697362775,10.69813708005937,15.710494671424229,133.20428596354316,0.0962914725815989,0.6369197073580373,0.6870663291568367,0.5289128111553094,0.1661662048562764,836533265,57772827,68000130,74772149,136892116
7.468439,15.21576,133119ed437057e346f195c40dba4017,large_intestine,0.38935397725567855,0.2553485477146186,24.43367757842139,4.782199297834899,8.788008747341268,51.48984031854574,49.66433124282541,0.4970484991691508,0.781783258296058,0.68031927185045,0.4343737621949793,0.481602383741959,53193242,55147366,59750344,56140336,57113723
4.893613,15.094266,8dd0ef5cafa3541cf9f0661db64662b7,thymus,0.38645077893321367,0.5934262578400983,55.17158383024709,11.365431757333486,352.9229009867704,40.893799827208106,19.253587003312443,0.215505338379934,0.5583611943870087,0.0908869314513811,0.2722323559865838,0.3922570987646337,103916868,167422838,80248230,141701066,147057257
4.1313934,16.934313,8940307f0a6d32bb455c533ef1bb9ad7,large_intestine,0.6976276911018743,0.20960838719865194,49.84350928939927,347.9904380639474,36.05983619538114,160.86233869585527,112.8937771119755,0.2532111475737081,0.1166280636062661,0.2725682520564075,0.1264809855336092,0.1895478522176378,183029346,218268499,164005441,300276591,222791587
3.8111184,15.719284,0dc91e6484430c2db25b6765dd6aa565,lymph_nodes,0.6692011969208802,0.307558036166368,37.0001584251279,19.41658921726046,15.841057419243636,25.326681107808422,23.589598853999785,0.3355185666413091,0.4186823578545687,0.4488771798235607,0.3384235201195799,0.3916208913995578,122254508,418403360,124781293,158175655,595097269
6.2041745,15.266479,97a405eff9cb4cf14481e5c436b00f47,lymph_nodes,0.19031527211921326,0.7029736109626357,534.9297051178421,82.56786554552224,8.051138214695442,11.499900899773792,210.9595740778764,0.6294434383266663,0.2073363202780586,0.8347108779382526,0.5591341209626021,0.1254962559005278,143200803,114958754,211404592,301903920,175147061
5.31392,15.353869,3de2804ec3219228758dba8382d33423,spleen,0.09384083034015643,0.7587394030444432,2352.3934772736275,152.60675795990142,596.9281240431997,31.544051140056915,300.90063997852883,0.1096044153742269,0.1380092680822405,0.2705571629674062,0.4105062417324827,0.1014423289521399,101543219,176178850,103084435,94124985,87168989
